Time;THE_DA_Gas [Euro/MWh]
01-07-2020 00:00;40.116
02-07-2020 00:00;42.062
03-07-2020 00:00;43.516
04-07-2020 00:00;44.892
05-07-2020 00:00;45.3
06-07-2020 00:00;45.574
07-07-2020 00:00;43.597
08-07-2020 00:00;43.97
09-07-2020 00:00;41.975
10-07-2020 00:00;40.736
11-07-2020 00:00;40.017
12-07-2020 00:00;38.916
13-07-2020 00:00;39.224
14-07-2020 00:00;38.936
15-07-2020 00:00;38.407
16-07-2020 00:00;39.974
17-07-2020 00:00;39.601
18-07-2020 00:00;41.066
19-07-2020 00:00;41.076
20-07-2020 00:00;41.903
21-07-2020 00:00;41.605
22-07-2020 00:00;42.527
23-07-2020 00:00;42.141
24-07-2020 00:00;41.651
25-07-2020 00:00;42.273
26-07-2020 00:00;41.777
27-07-2020 00:00;42.706
28-07-2020 00:00;42.326
29-07-2020 00:00;42.7
30-07-2020 00:00;42.089
31-07-2020 00:00;42.244
01-08-2020 00:00;40.887
02-08-2020 00:00;39.912
03-08-2020 00:00;37.717
04-08-2020 00:00;36.768
05-08-2020 00:00;35.932
06-08-2020 00:00;34.479
07-08-2020 00:00;34.227
08-08-2020 00:00;33.458
09-08-2020 00:00;33.788
10-08-2020 00:00;33.157
11-08-2020 00:00;34.756
12-08-2020 00:00;36.039
13-08-2020 00:00;36.494
14-08-2020 00:00;38.28
15-08-2020 00:00;37.433
16-08-2020 00:00;37.679
17-08-2020 00:00;37.444
18-08-2020 00:00;36.927
19-08-2020 00:00;35.815
20-08-2020 00:00;34.091
21-08-2020 00:00;32.493
22-08-2020 00:00;29.964
23-08-2020 00:00;30.347
24-08-2020 00:00;27.344
25-08-2020 00:00;27.589
26-08-2020 00:00;26.505
27-08-2020 00:00;26.18
28-08-2020 00:00;25.444
29-08-2020 00:00;27.182
30-08-2020 00:00;26.818
31-08-2020 00:00;25.547
01-09-2020 00:00;26.579
02-09-2020 00:00;25.366
03-09-2020 00:00;25.069
04-09-2020 00:00;24.814
05-09-2020 00:00;25.172
06-09-2020 00:00;25.252
07-09-2020 00:00;26.404
08-09-2020 00:00;26.276
09-09-2020 00:00;27.016
10-09-2020 00:00;27.744
11-09-2020 00:00;27.696
12-09-2020 00:00;26.879
13-09-2020 00:00;26.701
14-09-2020 00:00;25.459
15-09-2020 00:00;23.434
16-09-2020 00:00;21.826
17-09-2020 00:00;20.225
18-09-2020 00:00;19.453
19-09-2020 00:00;19.167
20-09-2020 00:00;18.241
21-09-2020 00:00;17.996
22-09-2020 00:00;19.311
23-09-2020 00:00;19.869
24-09-2020 00:00;22.085
25-09-2020 00:00;22.788
26-09-2020 00:00;23.547
27-09-2020 00:00;24.794
28-09-2020 00:00;26.353
29-09-2020 00:00;26.693
30-09-2020 00:00;26.68
01-10-2020 00:00;25.339
02-10-2020 00:00;25.669
03-10-2020 00:00;24.956
04-10-2020 00:00;24.154
05-10-2020 00:00;25.359
06-10-2020 00:00;24.077
07-10-2020 00:00;23.665
08-10-2020 00:00;24.481
09-10-2020 00:00;23.21
10-10-2020 00:00;24.318
11-10-2020 00:00;25.465
12-10-2020 00:00;27.027
13-10-2020 00:00;27.023
14-10-2020 00:00;27.519
15-10-2020 00:00;29.239
16-10-2020 00:00;29.312
17-10-2020 00:00;30.781
18-10-2020 00:00;32.356
19-10-2020 00:00;33.869
20-10-2020 00:00;36.397
21-10-2020 00:00;39.386
22-10-2020 00:00;41.977
23-10-2020 00:00;44.324
24-10-2020 00:00;45.157
25-10-2020 00:00;46.67
26-10-2020 00:00;46.678
27-10-2020 00:00;46.774
28-10-2020 00:00;46.454
29-10-2020 00:00;46.224
30-10-2020 00:00;46.375
31-10-2020 00:00;46.733
01-11-2020 00:00;45.76
02-11-2020 00:00;46.207
03-11-2020 00:00;46.447
04-11-2020 00:00;48.133
05-11-2020 00:00;50.032
06-11-2020 00:00;51.476
07-11-2020 00:00;52.522
08-11-2020 00:00;54.605
09-11-2020 00:00;56.515
10-11-2020 00:00;57.859
11-11-2020 00:00;58.906
12-11-2020 00:00;59.987
13-11-2020 00:00;61.201
14-11-2020 00:00;60.758
15-11-2020 00:00;62.518
16-11-2020 00:00;62.07
17-11-2020 00:00;63.119
18-11-2020 00:00;62.977
19-11-2020 00:00;63.526
20-11-2020 00:00;64.551
21-11-2020 00:00;65.067
22-11-2020 00:00;65.267
23-11-2020 00:00;65.877
24-11-2020 00:00;64.427
25-11-2020 00:00;63.852
26-11-2020 00:00;62.928
27-11-2020 00:00;63.324
28-11-2020 00:00;63.147
29-11-2020 00:00;61.404
30-11-2020 00:00;60.38
01-12-2020 00:00;60.873
02-12-2020 00:00;60.174
03-12-2020 00:00;60.319
04-12-2020 00:00;60.666
05-12-2020 00:00;60.176
06-12-2020 00:00;58.87
07-12-2020 00:00;56.736
08-12-2020 00:00;56.233
09-12-2020 00:00;52.867
10-12-2020 00:00;49.645
11-12-2020 00:00;47.372
12-12-2020 00:00;44.678
13-12-2020 00:00;42.014
14-12-2020 00:00;39.901
15-12-2020 00:00;38.81
16-12-2020 00:00;38.323
17-12-2020 00:00;36.781
18-12-2020 00:00;37.021
19-12-2020 00:00;36.97
20-12-2020 00:00;35.935
21-12-2020 00:00;36.369
22-12-2020 00:00;35.957
23-12-2020 00:00;34.329
24-12-2020 00:00;32.381
25-12-2020 00:00;32.084
26-12-2020 00:00;30.986
27-12-2020 00:00;29.353
28-12-2020 00:00;28.816
29-12-2020 00:00;27.518
30-12-2020 00:00;25.698
31-12-2020 00:00;24.713
01-01-2021 00:00;24.037
02-01-2021 00:00;22.152
03-01-2021 00:00;20.985
04-01-2021 00:00;18.311
05-01-2021 00:00;17.99
06-01-2021 00:00;16.242
07-01-2021 00:00;15.499
08-01-2021 00:00;14.625
09-01-2021 00:00;13.556
10-01-2021 00:00;14.795
11-01-2021 00:00;13.949
12-01-2021 00:00;15.512
13-01-2021 00:00;14.733
14-01-2021 00:00;14.25
15-01-2021 00:00;14.882
16-01-2021 00:00;14.564
17-01-2021 00:00;13.079
18-01-2021 00:00;13.307
19-01-2021 00:00;12.858
20-01-2021 00:00;11.18
21-01-2021 00:00;9.775
22-01-2021 00:00;8.917
23-01-2021 00:00;7.684
24-01-2021 00:00;7.535
25-01-2021 00:00;8.744
26-01-2021 00:00;10.922
27-01-2021 00:00;11.897
28-01-2021 00:00;14.09
29-01-2021 00:00;15.791
30-01-2021 00:00;17.953
31-01-2021 00:00;18.714
01-02-2021 00:00;17.92
02-02-2021 00:00;17.016
03-02-2021 00:00;17.61
04-02-2021 00:00;15.576
05-02-2021 00:00;13.288
06-02-2021 00:00;12.588
07-02-2021 00:00;10.733
08-02-2021 00:00;10.083
09-02-2021 00:00;10.336
10-02-2021 00:00;11.058
11-02-2021 00:00;12.359
12-02-2021 00:00;13.958
13-02-2021 00:00;15.726
14-02-2021 00:00;16.403
15-02-2021 00:00;18.916
16-02-2021 00:00;18.942
17-02-2021 00:00;18.965
18-02-2021 00:00;17.284
19-02-2021 00:00;16.038
20-02-2021 00:00;14.419
21-02-2021 00:00;12.55
22-02-2021 00:00;12.128
23-02-2021 00:00;10.317
24-02-2021 00:00;10.25
25-02-2021 00:00;9.371
26-02-2021 00:00;9.682
27-02-2021 00:00;10.517
28-02-2021 00:00;11.6
01-03-2021 00:00;13.027
02-03-2021 00:00;14.401
03-03-2021 00:00;13.486
04-03-2021 00:00;13.558
05-03-2021 00:00;13.08
06-03-2021 00:00;11.947
07-03-2021 00:00;11.459
08-03-2021 00:00;9.275
09-03-2021 00:00;8.582
10-03-2021 00:00;6.659
11-03-2021 00:00;6.624
12-03-2021 00:00;5.482
13-03-2021 00:00;5.875
14-03-2021 00:00;5.13
15-03-2021 00:00;6.6
16-03-2021 00:00;7.801
17-03-2021 00:00;7.328
18-03-2021 00:00;8.032
19-03-2021 00:00;7.143
20-03-2021 00:00;6.961
21-03-2021 00:00;7.257
22-03-2021 00:00;6.904
23-03-2021 00:00;5.476
24-03-2021 00:00;5.126
25-03-2021 00:00;3.569
26-03-2021 00:00;1.894
27-03-2021 00:00;1.991
28-03-2021 00:00;2.795
29-03-2021 00:00;3.075
30-03-2021 00:00;2.177
31-03-2021 00:00;3.62
01-04-2021 00:00;4.045
02-04-2021 00:00;3.977
03-04-2021 00:00;4.524
04-04-2021 00:00;4.755
05-04-2021 00:00;5.398
06-04-2021 00:00;4.899
07-04-2021 00:00;4.764
08-04-2021 00:00;5.458
09-04-2021 00:00;7.732
10-04-2021 00:00;8.759
11-04-2021 00:00;10.291
12-04-2021 00:00;12.406
13-04-2021 00:00;15.827
14-04-2021 00:00;17.351
15-04-2021 00:00;20.719
16-04-2021 00:00;21.53
17-04-2021 00:00;25.623
18-04-2021 00:00;27.798
19-04-2021 00:00;31.186
20-04-2021 00:00;32.378
21-04-2021 00:00;34.469
22-04-2021 00:00;36.362
23-04-2021 00:00;38.738
24-04-2021 00:00;39.993
25-04-2021 00:00;41.817
26-04-2021 00:00;44.266
27-04-2021 00:00;43.061
28-04-2021 00:00;42.058
29-04-2021 00:00;41.883
30-04-2021 00:00;41.844
01-05-2021 00:00;42.378
02-05-2021 00:00;41.227
03-05-2021 00:00;43.182
04-05-2021 00:00;42.207
05-05-2021 00:00;41.434
06-05-2021 00:00;40.673
07-05-2021 00:00;39.755
08-05-2021 00:00;38.642
09-05-2021 00:00;37.239
10-05-2021 00:00;36.285
11-05-2021 00:00;35.169
12-05-2021 00:00;34.407
13-05-2021 00:00;32.857
14-05-2021 00:00;33.552
15-05-2021 00:00;34.045
16-05-2021 00:00;33.24
17-05-2021 00:00;34.399
18-05-2021 00:00;33.756
19-05-2021 00:00;32.647
20-05-2021 00:00;32.094
21-05-2021 00:00;32.193
22-05-2021 00:00;31.239
23-05-2021 00:00;28.985
24-05-2021 00:00;27.265
25-05-2021 00:00;24.976
26-05-2021 00:00;24.501
27-05-2021 00:00;21.992
28-05-2021 00:00;21.424
29-05-2021 00:00;20.517
30-05-2021 00:00;21.128
31-05-2021 00:00;20.342
01-06-2021 00:00;20.907
02-06-2021 00:00;21.313
03-06-2021 00:00;20.845
04-06-2021 00:00;19.251
05-06-2021 00:00;19.039
06-06-2021 00:00;17.034
07-06-2021 00:00;14.172
08-06-2021 00:00;12.911
09-06-2021 00:00;11.475
10-06-2021 00:00;8.388
11-06-2021 00:00;7.688
12-06-2021 00:00;4.957
13-06-2021 00:00;4.714
14-06-2021 00:00;4.474
15-06-2021 00:00;5.439
16-06-2021 00:00;5.857
17-06-2021 00:00;6.557
18-06-2021 00:00;7.37
19-06-2021 00:00;8.431
20-06-2021 00:00;7.529
21-06-2021 00:00;7.104
22-06-2021 00:00;5.89
23-06-2021 00:00;4.352
24-06-2021 00:00;1.143
25-06-2021 00:00;0.366
26-06-2021 00:00;-1.074
27-06-2021 00:00;-1.777
28-06-2021 00:00;-1.959
29-06-2021 00:00;-0.977
30-06-2021 00:00;0.164
01-07-2021 00:00;1.024
02-07-2021 00:00;2.949
03-07-2021 00:00;4.625
04-07-2021 00:00;5.308
05-07-2021 00:00;6.078
06-07-2021 00:00;5.316
07-07-2021 00:00;4.413
08-07-2021 00:00;3.673
09-07-2021 00:00;2.036
10-07-2021 00:00;-0.923
11-07-2021 00:00;-0.756
12-07-2021 00:00;-2.68
13-07-2021 00:00;-3.421
14-07-2021 00:00;-3.293
15-07-2021 00:00;-2.551
16-07-2021 00:00;-0.651
17-07-2021 00:00;0.574
18-07-2021 00:00;2.337
19-07-2021 00:00;3.627
20-07-2021 00:00;4.63
21-07-2021 00:00;5.914
22-07-2021 00:00;5.113
23-07-2021 00:00;4.955
24-07-2021 00:00;5.392
25-07-2021 00:00;4.826
26-07-2021 00:00;4.844
27-07-2021 00:00;2.632
28-07-2021 00:00;3.095
29-07-2021 00:00;2.994
30-07-2021 00:00;3.03
31-07-2021 00:00;3.283
01-08-2021 00:00;3.492
02-08-2021 00:00;4.837
03-08-2021 00:00;4.935
04-08-2021 00:00;5.085
05-08-2021 00:00;4.935
06-08-2021 00:00;5.038
07-08-2021 00:00;4.872
08-08-2021 00:00;6.952
09-08-2021 00:00;7.353
10-08-2021 00:00;8.471
11-08-2021 00:00;10.37
12-08-2021 00:00;11.121
13-08-2021 00:00;12.72
14-08-2021 00:00;14.817
15-08-2021 00:00;14.314
16-08-2021 00:00;14.993
17-08-2021 00:00;14.851
18-08-2021 00:00;14.214
19-08-2021 00:00;13.868
20-08-2021 00:00;12.152
21-08-2021 00:00;11.323
22-08-2021 00:00;9.891
23-08-2021 00:00;10.065
24-08-2021 00:00;8.563
25-08-2021 00:00;8.935
26-08-2021 00:00;9.589
27-08-2021 00:00;10.792
28-08-2021 00:00;11.64
29-08-2021 00:00;13.216
30-08-2021 00:00;14.25
31-08-2021 00:00;15.593
01-09-2021 00:00;16.416
02-09-2021 00:00;16.605
03-09-2021 00:00;16.374
04-09-2021 00:00;16.601
05-09-2021 00:00;15.962
06-09-2021 00:00;16.53
07-09-2021 00:00;16.732
08-09-2021 00:00;17.215
09-09-2021 00:00;17.346
10-09-2021 00:00;17.42
11-09-2021 00:00;17.825
12-09-2021 00:00;18.927
13-09-2021 00:00;17.303
14-09-2021 00:00;17.333
15-09-2021 00:00;15.643
16-09-2021 00:00;15.333
17-09-2021 00:00;14.282
18-09-2021 00:00;11.505
19-09-2021 00:00;10.171
20-09-2021 00:00;10.677
21-09-2021 00:00;9.711
22-09-2021 00:00;9.213
23-09-2021 00:00;9.519
24-09-2021 00:00;9.393
25-09-2021 00:00;9.989
26-09-2021 00:00;10.581
27-09-2021 00:00;10.949
28-09-2021 00:00;11.716
29-09-2021 00:00;11.346
30-09-2021 00:00;10.153
01-10-2021 00:00;10.551
02-10-2021 00:00;9.845
03-10-2021 00:00;10.434
04-10-2021 00:00;10.471
05-10-2021 00:00;10.165
06-10-2021 00:00;11.038
07-10-2021 00:00;11.778
08-10-2021 00:00;11.469
09-10-2021 00:00;12.679
10-10-2021 00:00;13.656
11-10-2021 00:00;14.577
12-10-2021 00:00;14.461
13-10-2021 00:00;14.34
14-10-2021 00:00;13.373
15-10-2021 00:00;12.355
16-10-2021 00:00;11.646
17-10-2021 00:00;12.243
18-10-2021 00:00;11.394
19-10-2021 00:00;9.638
20-10-2021 00:00;9.995
21-10-2021 00:00;10.826
22-10-2021 00:00;9.246
23-10-2021 00:00;11.303
24-10-2021 00:00;12.052
25-10-2021 00:00;11.8
26-10-2021 00:00;11.267
27-10-2021 00:00;11.022
28-10-2021 00:00;10.506
29-10-2021 00:00;8.975
30-10-2021 00:00;8.396
31-10-2021 00:00;8.629
01-11-2021 00:00;8.237
02-11-2021 00:00;8.179
03-11-2021 00:00;8.52
04-11-2021 00:00;8.808
05-11-2021 00:00;10.405
06-11-2021 00:00;11.45
07-11-2021 00:00;12.253
08-11-2021 00:00;13.952
09-11-2021 00:00;14.055
10-11-2021 00:00;15.548
11-11-2021 00:00;14.856
12-11-2021 00:00;15.385
13-11-2021 00:00;15.303
14-11-2021 00:00;16.459
15-11-2021 00:00;18.585
16-11-2021 00:00;20.785
17-11-2021 00:00;20.538
18-11-2021 00:00;23.309
19-11-2021 00:00;26.072
20-11-2021 00:00;28.218
21-11-2021 00:00;31.026
22-11-2021 00:00;33.07
23-11-2021 00:00;34.367
24-11-2021 00:00;36.288
25-11-2021 00:00;37.496
26-11-2021 00:00;38.405
27-11-2021 00:00;39.392
28-11-2021 00:00;39.711
29-11-2021 00:00;40.64
30-11-2021 00:00;42.159
01-12-2021 00:00;43.553
02-12-2021 00:00;44.401
03-12-2021 00:00;46.198
04-12-2021 00:00;47.725
05-12-2021 00:00;48.893
06-12-2021 00:00;49.706
07-12-2021 00:00;50.833
08-12-2021 00:00;52.595
09-12-2021 00:00;52.666
10-12-2021 00:00;52.424
11-12-2021 00:00;53.596
12-12-2021 00:00;52.976
13-12-2021 00:00;53.81
14-12-2021 00:00;54.349
15-12-2021 00:00;54.963
16-12-2021 00:00;55.923
17-12-2021 00:00;56.349
18-12-2021 00:00;58.292
19-12-2021 00:00;59.561
20-12-2021 00:00;60.295
21-12-2021 00:00;62.275
22-12-2021 00:00;63.483
23-12-2021 00:00;62.233
24-12-2021 00:00;62.824
25-12-2021 00:00;64.254
26-12-2021 00:00;64.879
27-12-2021 00:00;64.762
28-12-2021 00:00;66.159
29-12-2021 00:00;67.829
30-12-2021 00:00;68.834
31-12-2021 00:00;69.795
01-01-2022 00:00;72.391
02-01-2022 00:00;74.75
03-01-2022 00:00;76.357
04-01-2022 00:00;77.174
05-01-2022 00:00;78.472
06-01-2022 00:00;79.722
07-01-2022 00:00;79.224
08-01-2022 00:00;80.12
09-01-2022 00:00;80.8
10-01-2022 00:00;81.685
11-01-2022 00:00;83.353
12-01-2022 00:00;82.859
13-01-2022 00:00;84.325
14-01-2022 00:00;86.014
15-01-2022 00:00;86.117
16-01-2022 00:00;88.826
17-01-2022 00:00;88.802
18-01-2022 00:00;89.22
19-01-2022 00:00;90.845
20-01-2022 00:00;90.672
21-01-2022 00:00;90.046
22-01-2022 00:00;90.39
23-01-2022 00:00;90.123
24-01-2022 00:00;89.763
25-01-2022 00:00;89.457
26-01-2022 00:00;91.405
27-01-2022 00:00;91.303
28-01-2022 00:00;93.251
29-01-2022 00:00;94.328
30-01-2022 00:00;95.984
31-01-2022 00:00;98.037
01-02-2022 00:00;99.07
02-02-2022 00:00;100.831
03-02-2022 00:00;102.359
04-02-2022 00:00;102.386
05-02-2022 00:00;102.788
06-02-2022 00:00;105.149
07-02-2022 00:00;105.618
08-02-2022 00:00;108.056
09-02-2022 00:00;109.852
10-02-2022 00:00;112.027
11-02-2022 00:00;113.929
12-02-2022 00:00;116.402
13-02-2022 00:00;118.227
14-02-2022 00:00;121.503
15-02-2022 00:00;122.995
16-02-2022 00:00;124.496
17-02-2022 00:00;124.779
18-02-2022 00:00;125.843
19-02-2022 00:00;126.179
20-02-2022 00:00;126.373
21-02-2022 00:00;125.586
22-02-2022 00:00;125.704
23-02-2022 00:00;124.55
24-02-2022 00:00;123.247
25-02-2022 00:00;122.544
26-02-2022 00:00;123.212
27-02-2022 00:00;124.008
28-02-2022 00:00;122.908
01-03-2022 00:00;123.427
02-03-2022 00:00;123.084
03-03-2022 00:00;123.154
04-03-2022 00:00;122.819
05-03-2022 00:00;122.349
06-03-2022 00:00;121.915
07-03-2022 00:00;122.815
08-03-2022 00:00;123.533
09-03-2022 00:00;124.133
10-03-2022 00:00;123.618
11-03-2022 00:00;125.311
12-03-2022 00:00;126.11
13-03-2022 00:00;126.799
14-03-2022 00:00;127.675
15-03-2022 00:00;126.063
16-03-2022 00:00;126.744
17-03-2022 00:00;125.868
18-03-2022 00:00;123.67
19-03-2022 00:00;122.304
20-03-2022 00:00;120.065
21-03-2022 00:00;118.528
22-03-2022 00:00;117.51
23-03-2022 00:00;116.144
24-03-2022 00:00;115.84
25-03-2022 00:00;115.018
26-03-2022 00:00;115.677
27-03-2022 00:00;115.973
28-03-2022 00:00;116.637
29-03-2022 00:00;116.929
30-03-2022 00:00;118.602
31-03-2022 00:00;117.11
01-04-2022 00:00;117.897
02-04-2022 00:00;116.95
03-04-2022 00:00;116.932
04-04-2022 00:00;114.96
05-04-2022 00:00;114.342
06-04-2022 00:00;114.237
07-04-2022 00:00;112.708
08-04-2022 00:00;111.31
09-04-2022 00:00;111.113
10-04-2022 00:00;109.346
11-04-2022 00:00;108.342
12-04-2022 00:00;107.447
13-04-2022 00:00;105.845
14-04-2022 00:00;105.091
15-04-2022 00:00;104.695
16-04-2022 00:00;103.086
17-04-2022 00:00;103.376
18-04-2022 00:00;102.722
19-04-2022 00:00;102.37
20-04-2022 00:00;103.358
21-04-2022 00:00;103.381
22-04-2022 00:00;103.151
23-04-2022 00:00;103.419
24-04-2022 00:00;102.633
25-04-2022 00:00;102.443
26-04-2022 00:00;101.893
27-04-2022 00:00;99.248
28-04-2022 00:00;97.778
29-04-2022 00:00;95.777
30-04-2022 00:00;94.281
01-05-2022 00:00;93.165
02-05-2022 00:00;92.128
03-05-2022 00:00;91.876
04-05-2022 00:00;91.339
05-05-2022 00:00;92.865
06-05-2022 00:00;94.408
07-05-2022 00:00;95.324
08-05-2022 00:00;95.789
09-05-2022 00:00;96.121
10-05-2022 00:00;95.633
11-05-2022 00:00;94.735
12-05-2022 00:00;93.133
13-05-2022 00:00;91.173
14-05-2022 00:00;88.805
15-05-2022 00:00;86.924
16-05-2022 00:00;86.587
17-05-2022 00:00;85.17
18-05-2022 00:00;86.459
19-05-2022 00:00;87.855
20-05-2022 00:00;87.459
21-05-2022 00:00;89.647
22-05-2022 00:00;92.476
23-05-2022 00:00;90.997
24-05-2022 00:00;91.643
25-05-2022 00:00;90.68
26-05-2022 00:00;90.579
27-05-2022 00:00;88.324
28-05-2022 00:00;85.177
29-05-2022 00:00;85.119
30-05-2022 00:00;84.145
31-05-2022 00:00;83.762
01-06-2022 00:00;83.785
02-06-2022 00:00;85.697
03-06-2022 00:00;86.67
04-06-2022 00:00;88.705
05-06-2022 00:00;89.713
06-06-2022 00:00;91.236
07-06-2022 00:00;90.785
08-06-2022 00:00;88.699
09-06-2022 00:00;88.343
10-06-2022 00:00;86.445
11-06-2022 00:00;83.81
12-06-2022 00:00;83.227
13-06-2022 00:00;83.409
14-06-2022 00:00;83.136
15-06-2022 00:00;83.504
16-06-2022 00:00;84.81
17-06-2022 00:00;86.767
18-06-2022 00:00;87.602
19-06-2022 00:00;87.71
20-06-2022 00:00;86.991
21-06-2022 00:00;86.464
22-06-2022 00:00;84.696
23-06-2022 00:00;83.587
24-06-2022 00:00;81.664
25-06-2022 00:00;81.291
26-06-2022 00:00;81.393
27-06-2022 00:00;81.868
28-06-2022 00:00;82.43
29-06-2022 00:00;83.611
30-06-2022 00:00;83.099
01-07-2022 00:00;83.859
02-07-2022 00:00;82.486
03-07-2022 00:00;80.833
04-07-2022 00:00;79.758
05-07-2022 00:00;77.751
06-07-2022 00:00;78.13
07-07-2022 00:00;77.447
08-07-2022 00:00;78.819
09-07-2022 00:00;79.078
10-07-2022 00:00;78.636
11-07-2022 00:00;79.012
12-07-2022 00:00;77.931
13-07-2022 00:00;75.049
14-07-2022 00:00;74.633
15-07-2022 00:00;72.082
16-07-2022 00:00;70.409
17-07-2022 00:00;70.125
18-07-2022 00:00;70.3
19-07-2022 00:00;71.498
20-07-2022 00:00;72.718
21-07-2022 00:00;73.792
22-07-2022 00:00;73.166
23-07-2022 00:00;72.297
24-07-2022 00:00;69.208
25-07-2022 00:00;67.223
26-07-2022 00:00;64.015
27-07-2022 00:00;60.533
28-07-2022 00:00;60.376
29-07-2022 00:00;61.038
30-07-2022 00:00;62.188
31-07-2022 00:00;64.586
01-08-2022 00:00;64.719
02-08-2022 00:00;65.532
03-08-2022 00:00;64.924
04-08-2022 00:00;62.066
05-08-2022 00:00;60.786
06-08-2022 00:00;57.106
07-08-2022 00:00;56.044
08-08-2022 00:00;54.666
09-08-2022 00:00;53.375
10-08-2022 00:00;55.301
11-08-2022 00:00;56.554
12-08-2022 00:00;58.08
13-08-2022 00:00;56.26
14-08-2022 00:00;55.929
15-08-2022 00:00;54.607
16-08-2022 00:00;52.837
17-08-2022 00:00;51.466
18-08-2022 00:00;51.181
19-08-2022 00:00;51.499
20-08-2022 00:00;51.858
21-08-2022 00:00;53.168
22-08-2022 00:00;53.09
23-08-2022 00:00;53.145
24-08-2022 00:00;51.446
25-08-2022 00:00;49.96
26-08-2022 00:00;47.011
27-08-2022 00:00;45.557
28-08-2022 00:00;46.281
29-08-2022 00:00;48.243
30-08-2022 00:00;48.428
31-08-2022 00:00;51.888
01-09-2022 00:00;52.614
02-09-2022 00:00;51.879
03-09-2022 00:00;52.301
04-09-2022 00:00;48.444
05-09-2022 00:00;46.653
06-09-2022 00:00;44.001
07-09-2022 00:00;43.273
08-09-2022 00:00;42.333
09-09-2022 00:00;45.132
10-09-2022 00:00;46.733
11-09-2022 00:00;51.059
12-09-2022 00:00;52.256
13-09-2022 00:00;51.665
14-09-2022 00:00;53.174
15-09-2022 00:00;50.987
16-09-2022 00:00;49.579
17-09-2022 00:00;47.58
18-09-2022 00:00;47.792
19-09-2022 00:00;47.877
20-09-2022 00:00;49.05
21-09-2022 00:00;50.794
22-09-2022 00:00;52.564
23-09-2022 00:00;53.568
24-09-2022 00:00;53.673
25-09-2022 00:00;52.434
26-09-2022 00:00;51.551
27-09-2022 00:00;51.155
28-09-2022 00:00;51.543
29-09-2022 00:00;51.924
30-09-2022 00:00;52.424
01-10-2022 00:00;53.239
02-10-2022 00:00;54.691
03-10-2022 00:00;54.584
04-10-2022 00:00;55.463
05-10-2022 00:00;54.814
06-10-2022 00:00;53.713
07-10-2022 00:00;51.586
08-10-2022 00:00;50.057
09-10-2022 00:00;50.464
10-10-2022 00:00;50.719
11-10-2022 00:00;51.862
12-10-2022 00:00;53.062
13-10-2022 00:00;55.094
14-10-2022 00:00;55.311
15-10-2022 00:00;56.206
16-10-2022 00:00;55.305
17-10-2022 00:00;53.404
18-10-2022 00:00;51.307
19-10-2022 00:00;48.823
20-10-2022 00:00;47.962
21-10-2022 00:00;47.005
22-10-2022 00:00;46.857
23-10-2022 00:00;48.251
24-10-2022 00:00;49.784
25-10-2022 00:00;50.791
26-10-2022 00:00;51.727
27-10-2022 00:00;53.983
28-10-2022 00:00;53.216
29-10-2022 00:00;52.04
30-10-2022 00:00;50.988
31-10-2022 00:00;47.347
01-11-2022 00:00;45.776
02-11-2022 00:00;43.539
03-11-2022 00:00;43.128
04-11-2022 00:00;41.808
05-11-2022 00:00;42.112
06-11-2022 00:00;43.461
07-11-2022 00:00;45.493
08-11-2022 00:00;46.366
09-11-2022 00:00;48.446
10-11-2022 00:00;48.893
11-11-2022 00:00;48.203
12-11-2022 00:00;47.102
13-11-2022 00:00;46.501
14-11-2022 00:00;43.78
15-11-2022 00:00;41.872
16-11-2022 00:00;39.349
17-11-2022 00:00;38.711
18-11-2022 00:00;37.14
19-11-2022 00:00;38.31
20-11-2022 00:00;38.827
21-11-2022 00:00;39.476
22-11-2022 00:00;40.493
23-11-2022 00:00;43.666
24-11-2022 00:00;44.027
25-11-2022 00:00;44.073
26-11-2022 00:00;44.825
27-11-2022 00:00;44.654
28-11-2022 00:00;43.206
29-11-2022 00:00;41.34
30-11-2022 00:00;41.042
01-12-2022 00:00;39.309
02-12-2022 00:00;39.45
03-12-2022 00:00;38.435
04-12-2022 00:00;38.391
05-12-2022 00:00;38.232
06-12-2022 00:00;38.642
07-12-2022 00:00;38.75
08-12-2022 00:00;40.054
09-12-2022 00:00;40.024
10-12-2022 00:00;40.159
11-12-2022 00:00;40.394
12-12-2022 00:00;39.968
13-12-2022 00:00;41.726
14-12-2022 00:00;41.569
15-12-2022 00:00;42.126
16-12-2022 00:00;43.465
17-12-2022 00:00;43.906
18-12-2022 00:00;45.055
19-12-2022 00:00;46.065
20-12-2022 00:00;46.99
21-12-2022 00:00;46.791
22-12-2022 00:00;47.224
23-12-2022 00:00;46.717
24-12-2022 00:00;45.994
25-12-2022 00:00;45.314
26-12-2022 00:00;43.114
27-12-2022 00:00;43.566
28-12-2022 00:00;41.783
29-12-2022 00:00;41.596
30-12-2022 00:00;41.091
31-12-2022 00:00;42.194
01-01-2023 00:00;43.365
02-01-2023 00:00;43.934
03-01-2023 00:00;44.583
04-01-2023 00:00;44.099
05-01-2023 00:00;46.02
06-01-2023 00:00;44.446
07-01-2023 00:00;45.469
08-01-2023 00:00;45.517
09-01-2023 00:00;45.126
10-01-2023 00:00;44.229
11-01-2023 00:00;43.853
12-01-2023 00:00;43.983
13-01-2023 00:00;44.545
14-01-2023 00:00;45.15
15-01-2023 00:00;45.868
16-01-2023 00:00;47.17
17-01-2023 00:00;48.47
18-01-2023 00:00;48.172
19-01-2023 00:00;49.581
20-01-2023 00:00;49.996
21-01-2023 00:00;49.214
22-01-2023 00:00;49.039
23-01-2023 00:00;47.6
24-01-2023 00:00;47.021
25-01-2023 00:00;45.961
26-01-2023 00:00;45.837
27-01-2023 00:00;46.157
28-01-2023 00:00;46.581
29-01-2023 00:00;46.875
30-01-2023 00:00;46.611
31-01-2023 00:00;47.564
01-02-2023 00:00;47.435
02-02-2023 00:00;45.983
03-02-2023 00:00;46.328
04-02-2023 00:00;45.131
05-02-2023 00:00;45.186
06-02-2023 00:00;43.593
07-02-2023 00:00;42.537
08-02-2023 00:00;42.468
09-02-2023 00:00;42.339
10-02-2023 00:00;41.294
11-02-2023 00:00;41.178
12-02-2023 00:00;41.013
13-02-2023 00:00;42.347
14-02-2023 00:00;41.457
15-02-2023 00:00;41.407
16-02-2023 00:00;42.143
17-02-2023 00:00;41.735
18-02-2023 00:00;40.905
19-02-2023 00:00;39.595
20-02-2023 00:00;38.488
21-02-2023 00:00;36.862
22-02-2023 00:00;36.439
23-02-2023 00:00;36.012
24-02-2023 00:00;35.641
25-02-2023 00:00;34.475
26-02-2023 00:00;36.012
27-02-2023 00:00;36.688
28-02-2023 00:00;35.589
01-03-2023 00:00;36.144
02-03-2023 00:00;36.754
03-03-2023 00:00;36.139
04-03-2023 00:00;36.196
05-03-2023 00:00;35.819
06-03-2023 00:00;35.439
07-03-2023 00:00;34.23
08-03-2023 00:00;32.37
09-03-2023 00:00;32.006
10-03-2023 00:00;32.706
11-03-2023 00:00;32.413
12-03-2023 00:00;32.711
13-03-2023 00:00;32.825
14-03-2023 00:00;34.229
15-03-2023 00:00;34.485
16-03-2023 00:00;35.114
17-03-2023 00:00;34.484
18-03-2023 00:00;35.58
19-03-2023 00:00;34.311
20-03-2023 00:00;33.192
21-03-2023 00:00;32.304
22-03-2023 00:00;32.403
23-03-2023 00:00;31.971
24-03-2023 00:00;32.365
25-03-2023 00:00;31.153
26-03-2023 00:00;32.036
27-03-2023 00:00;33.675
28-03-2023 00:00;51.279
29-03-2023 00:00;51.717
30-03-2023 00:00;52.563
31-03-2023 00:00;51.677
01-04-2023 00:00;53.131
02-04-2023 00:00;52.212
03-04-2023 00:00;51.655
04-04-2023 00:00;50.824
05-04-2023 00:00;50.353
06-04-2023 00:00;50.325
07-04-2023 00:00;50.627
08-04-2023 00:00;50.588
09-04-2023 00:00;51.233
10-04-2023 00:00;51.653
11-04-2023 00:00;53.299
12-04-2023 00:00;54.647
13-04-2023 00:00;54.465
14-04-2023 00:00;53.965
15-04-2023 00:00;53.438
16-04-2023 00:00;54.001
17-04-2023 00:00;52.149
18-04-2023 00:00;52.025
19-04-2023 00:00;52.433
20-04-2023 00:00;51.451
21-04-2023 00:00;51.723
22-04-2023 00:00;51.692
23-04-2023 00:00;52.888
24-04-2023 00:00;52.206
25-04-2023 00:00;53.764
26-04-2023 00:00;54.159
27-04-2023 00:00;54.946
28-04-2023 00:00;54.135
29-04-2023 00:00;54.059
30-04-2023 00:00;54.057
01-05-2023 00:00;53.241
02-05-2023 00:00;52.861
03-05-2023 00:00;51.662
04-05-2023 00:00;51.174
05-05-2023 00:00;51.72
06-05-2023 00:00;50.599
07-05-2023 00:00;51.145
08-05-2023 00:00;51.937
09-05-2023 00:00;51.596
10-05-2023 00:00;52.783
11-05-2023 00:00;53.226
12-05-2023 00:00;51.805
13-05-2023 00:00;51.574
14-05-2023 00:00;50.866
15-05-2023 00:00;50.504
16-05-2023 00:00;48.986
17-05-2023 00:00;48.503
18-05-2023 00:00;48.183
19-05-2023 00:00;47.026
20-05-2023 00:00;47.102
21-05-2023 00:00;47.082
22-05-2023 00:00;47.255
23-05-2023 00:00;46.919
24-05-2023 00:00;48.632
25-05-2023 00:00;48.582
26-05-2023 00:00;47.593
27-05-2023 00:00;47.061
28-05-2023 00:00;46.854
29-05-2023 00:00;45.25
30-05-2023 00:00;44.519
31-05-2023 00:00;43.846
01-06-2023 00:00;43.105
02-06-2023 00:00;41.985
03-06-2023 00:00;42.352
04-06-2023 00:00;42.881
05-06-2023 00:00;42.99
06-06-2023 00:00;44.415
07-06-2023 00:00;44.22
08-06-2023 00:00;43.823
09-06-2023 00:00;44.831
10-06-2023 00:00;45.39
11-06-2023 00:00;43.97
12-06-2023 00:00;43.583
13-06-2023 00:00;42.928
14-06-2023 00:00;43.336
15-06-2023 00:00;42.661
16-06-2023 00:00;42.728
17-06-2023 00:00;42.518
18-06-2023 00:00;43.321
19-06-2023 00:00;43.696
20-06-2023 00:00;45.367
21-06-2023 00:00;46.132
22-06-2023 00:00;46.675
23-06-2023 00:00;46.864
24-06-2023 00:00;47.818
25-06-2023 00:00;48.308
26-06-2023 00:00;47.21
27-06-2023 00:00;46.677
28-06-2023 00:00;46.883
29-06-2023 00:00;47.36
30-06-2023 00:00;46.737
01-07-2023 00:00;47.967
02-07-2023 00:00;47.488
03-07-2023 00:00;48.61
04-07-2023 00:00;49.593
05-07-2023 00:00;50.686
06-07-2023 00:00;51.075
07-07-2023 00:00;50.246
08-07-2023 00:00;51.156
09-07-2023 00:00;50.435
10-07-2023 00:00;48.342
11-07-2023 00:00;48.606
12-07-2023 00:00;47.593
13-07-2023 00:00;47.098
14-07-2023 00:00;45.688
15-07-2023 00:00;46.399
16-07-2023 00:00;46.806
17-07-2023 00:00;46.892
18-07-2023 00:00;47.74
19-07-2023 00:00;47.636
20-07-2023 00:00;47.433
21-07-2023 00:00;49.357
22-07-2023 00:00;49.282
23-07-2023 00:00;49.966
24-07-2023 00:00;50.248
25-07-2023 00:00;49.302
26-07-2023 00:00;50.115
27-07-2023 00:00;51.021
28-07-2023 00:00;51.373
29-07-2023 00:00;51.076
30-07-2023 00:00;53.536
31-07-2023 00:00;55.073
01-08-2023 00:00;55.758
02-08-2023 00:00;56.139
03-08-2023 00:00;56.221
04-08-2023 00:00;56.435
05-08-2023 00:00;55.257
06-08-2023 00:00;55.044
07-08-2023 00:00;52.782
08-08-2023 00:00;51.302
09-08-2023 00:00;50.325
10-08-2023 00:00;48.388
11-08-2023 00:00;47.122
12-08-2023 00:00;47.558
13-08-2023 00:00;47.531
14-08-2023 00:00;46.871
15-08-2023 00:00;48.179
16-08-2023 00:00;49.88
17-08-2023 00:00;51.355
18-08-2023 00:00;52.315
19-08-2023 00:00;52.635
20-08-2023 00:00;53
21-08-2023 00:00;52.946
22-08-2023 00:00;51.9
23-08-2023 00:00;50.663
24-08-2023 00:00;49.21
25-08-2023 00:00;48.338
26-08-2023 00:00;46.672
27-08-2023 00:00;45.273
28-08-2023 00:00;44.508
29-08-2023 00:00;44.056
30-08-2023 00:00;44.306
31-08-2023 00:00;43.86
01-09-2023 00:00;43.803
02-09-2023 00:00;44.413
03-09-2023 00:00;44.953
04-09-2023 00:00;45.909
05-09-2023 00:00;45.458
06-09-2023 00:00;45.965
07-09-2023 00:00;44.257
08-09-2023 00:00;44.047
09-09-2023 00:00;41.64
10-09-2023 00:00;41.774
11-09-2023 00:00;39.81
12-09-2023 00:00;39.264
13-09-2023 00:00;38.721
14-09-2023 00:00;38.369
15-09-2023 00:00;38.989
16-09-2023 00:00;39.819
17-09-2023 00:00;39.698
18-09-2023 00:00;41.375
19-09-2023 00:00;42.588
20-09-2023 00:00;40.967
21-09-2023 00:00;40.989
22-09-2023 00:00;40.629
23-09-2023 00:00;38.376
24-09-2023 00:00;36.78
25-09-2023 00:00;37.072
26-09-2023 00:00;35.797
27-09-2023 00:00;36.265
28-09-2023 00:00;37.034
29-09-2023 00:00;38.178
30-09-2023 00:00;41.087
01-10-2023 00:00;42.277
02-10-2023 00:00;42.106
03-10-2023 00:00;42.523
04-10-2023 00:00;41.996
05-10-2023 00:00;39.143
06-10-2023 00:00;36.805
07-10-2023 00:00;36.992
08-10-2023 00:00;34.587
09-10-2023 00:00;35.481
10-10-2023 00:00;37.701
11-10-2023 00:00;39.927
12-10-2023 00:00;41.377
13-10-2023 00:00;43.567
14-10-2023 00:00;45.306
15-10-2023 00:00;46.088
16-10-2023 00:00;45.02
17-10-2023 00:00;43.558
18-10-2023 00:00;42.185
19-10-2023 00:00;42.772
20-10-2023 00:00;43.655
21-10-2023 00:00;46.661
22-10-2023 00:00;49.874
23-10-2023 00:00;53.115
24-10-2023 00:00;55.972
25-10-2023 00:00;57.69
26-10-2023 00:00;58.889
27-10-2023 00:00;57.642
28-10-2023 00:00;56.294
29-10-2023 00:00;57.596
30-10-2023 00:00;58.279
31-10-2023 00:00;60.549
01-11-2023 00:00;63.411
02-11-2023 00:00;65.215
03-11-2023 00:00;66.631
04-11-2023 00:00;67.279
05-11-2023 00:00;66.665
06-11-2023 00:00;66.002
07-11-2023 00:00;65.895
08-11-2023 00:00;67.205
09-11-2023 00:00;70.887
10-11-2023 00:00;74.099
11-11-2023 00:00;77.168
12-11-2023 00:00;79.595
13-11-2023 00:00;78.691
14-11-2023 00:00;77.654
15-11-2023 00:00;75.761
16-11-2023 00:00;75.256
17-11-2023 00:00;75.446
18-11-2023 00:00;77.663
19-11-2023 00:00;80.595
20-11-2023 00:00;83.249
21-11-2023 00:00;84.477
22-11-2023 00:00;85.708
23-11-2023 00:00;84.398
24-11-2023 00:00;83.535
25-11-2023 00:00;83.585
26-11-2023 00:00;85.425
27-11-2023 00:00;86.842
28-11-2023 00:00;90.295
29-11-2023 00:00;90.842
30-11-2023 00:00;91.201
01-12-2023 00:00;89.446
02-12-2023 00:00;88.006
03-12-2023 00:00;84.629
04-12-2023 00:00;83.724
05-12-2023 00:00;84.505
06-12-2023 00:00;84.91
07-12-2023 00:00;87.891
08-12-2023 00:00;86.295
09-12-2023 00:00;84.426
10-12-2023 00:00;79.987
11-12-2023 00:00;75.928
12-12-2023 00:00;74.484
13-12-2023 00:00;73.732
14-12-2023 00:00;73.302
15-12-2023 00:00;74.201
16-12-2023 00:00;73.034
17-12-2023 00:00;69.757
18-12-2023 00:00;66.721
19-12-2023 00:00;64.478
20-12-2023 00:00;62.392
21-12-2023 00:00;63.383
22-12-2023 00:00;64.642
23-12-2023 00:00;66.449
24-12-2023 00:00;65.62
25-12-2023 00:00;62.115
26-12-2023 00:00;58.053
27-12-2023 00:00;54.329
28-12-2023 00:00;52.294
29-12-2023 00:00;52.038
30-12-2023 00:00;52.193
31-12-2023 00:00;53.328
01-01-2024 00:00;52.895
02-01-2024 00:00;51.18
03-01-2024 00:00;47.808
04-01-2024 00:00;45.445
05-01-2024 00:00;45.155
06-01-2024 00:00;46.554
07-01-2024 00:00;46.392
08-01-2024 00:00;48.125
09-01-2024 00:00;46.07
10-01-2024 00:00;43.711
11-01-2024 00:00;39.142
12-01-2024 00:00;36.096
13-01-2024 00:00;34.619
14-01-2024 00:00;36.116
15-01-2024 00:00;38.03
16-01-2024 00:00;39.868
17-01-2024 00:00;38.678
18-01-2024 00:00;36.453
19-01-2024 00:00;33.821
20-01-2024 00:00;32.518
21-01-2024 00:00;31.392
22-01-2024 00:00;33.526
23-01-2024 00:00;35.694
24-01-2024 00:00;37.223
25-01-2024 00:00;35.556
26-01-2024 00:00;33.723
27-01-2024 00:00;31.774
28-01-2024 00:00;29.679
29-01-2024 00:00;32.419
30-01-2024 00:00;34.463
31-01-2024 00:00;37.313
01-02-2024 00:00;40.473
02-02-2024 00:00;42.493
03-02-2024 00:00;41.222
04-02-2024 00:00;39.84
05-02-2024 00:00;36.992
06-02-2024 00:00;36.518
07-02-2024 00:00;37.43
08-02-2024 00:00;39.064
09-02-2024 00:00;41.981
10-02-2024 00:00;42.513
11-02-2024 00:00;42.816
12-02-2024 00:00;41.214
13-02-2024 00:00;40.545
14-02-2024 00:00;39.93
15-02-2024 00:00;40.328
16-02-2024 00:00;43.156
17-02-2024 00:00;45.138
18-02-2024 00:00;46.873
19-02-2024 00:00;48.702
20-02-2024 00:00;47.012
21-02-2024 00:00;45.567
22-02-2024 00:00;42.456
23-02-2024 00:00;40.516
24-02-2024 00:00;39.589
25-02-2024 00:00;41.961
26-02-2024 00:00;43.247
27-02-2024 00:00;45.105
28-02-2024 00:00;48.14
29-02-2024 00:00;48.507
01-03-2024 00:00;48.414
02-03-2024 00:00;47.114
03-03-2024 00:00;44.902
04-03-2024 00:00;44.095
05-03-2024 00:00;42.797
06-03-2024 00:00;44.487
07-03-2024 00:00;44.159
08-03-2024 00:00;46.258
09-03-2024 00:00;47.179
10-03-2024 00:00;45.993
11-03-2024 00:00;44.969
12-03-2024 00:00;44.186
13-03-2024 00:00;41.753
14-03-2024 00:00;41.791
15-03-2024 00:00;41.614
16-03-2024 00:00;42.563
17-03-2024 00:00;44.867
18-03-2024 00:00;45.305
19-03-2024 00:00;45.691
20-03-2024 00:00;46.073
21-03-2024 00:00;45.048
22-03-2024 00:00;44.338
23-03-2024 00:00;42.106
24-03-2024 00:00;40.448
25-03-2024 00:00;40.441
26-03-2024 00:00;39.172
27-03-2024 00:00;39.318
28-03-2024 00:00;39.624
29-03-2024 00:00;42.163
30-03-2024 00:00;41.657
31-03-2024 00:00;43.447
01-04-2024 00:00;45.722
02-04-2024 00:00;45.365
03-04-2024 00:00;44.594
04-04-2024 00:00;43.845
05-04-2024 00:00;43.397
06-04-2024 00:00;42.344
07-04-2024 00:00;39.728
08-04-2024 00:00;40.258
09-04-2024 00:00;38.924
10-04-2024 00:00;38.711
11-04-2024 00:00;39.643
12-04-2024 00:00;40.348
13-04-2024 00:00;41.659
14-04-2024 00:00;42.205
15-04-2024 00:00;43.161
16-04-2024 00:00;44.664
17-04-2024 00:00;44.182
18-04-2024 00:00;45.15
19-04-2024 00:00;45.208
20-04-2024 00:00;45.418
21-04-2024 00:00;46.427
22-04-2024 00:00;46.547
23-04-2024 00:00;46.424
24-04-2024 00:00;47.841
25-04-2024 00:00;47.88
26-04-2024 00:00;46.883
27-04-2024 00:00;47.448
28-04-2024 00:00;48.524
29-04-2024 00:00;47.546
30-04-2024 00:00;46.448
01-05-2024 00:00;45.496
02-05-2024 00:00;44.889
03-05-2024 00:00;43.587
04-05-2024 00:00;43.728
05-05-2024 00:00;43.693
06-05-2024 00:00;42.928
07-05-2024 00:00;45.085
08-05-2024 00:00;46.06
09-05-2024 00:00;46.549
10-05-2024 00:00;48.485
11-05-2024 00:00;48.639
12-05-2024 00:00;49.629
13-05-2024 00:00;48.834
14-05-2024 00:00;50.054
15-05-2024 00:00;49.199
16-05-2024 00:00;48.071
17-05-2024 00:00;48.958
18-05-2024 00:00;48.137
19-05-2024 00:00;48.599
20-05-2024 00:00;49.52
21-05-2024 00:00;48.429
22-05-2024 00:00;49.552
23-05-2024 00:00;50.599
24-05-2024 00:00;51.331
25-05-2024 00:00;52.529
26-05-2024 00:00;53.252
27-05-2024 00:00;52.734
28-05-2024 00:00;51.571
29-05-2024 00:00;50.822
30-05-2024 00:00;49.873
31-05-2024 00:00;48.383
01-06-2024 00:00;48.846
02-06-2024 00:00;48.848
03-06-2024 00:00;49.023
04-06-2024 00:00;47.304
05-06-2024 00:00;48.739
06-06-2024 00:00;48.937
07-06-2024 00:00;49.188
08-06-2024 00:00;49.302
09-06-2024 00:00;48.708
10-06-2024 00:00;48.919
11-06-2024 00:00;46.863
12-06-2024 00:00;46.768
13-06-2024 00:00;44.672
14-06-2024 00:00;43.164
15-06-2024 00:00;42.964
16-06-2024 00:00;41.053
17-06-2024 00:00;40.973
18-06-2024 00:00;41.185
19-06-2024 00:00;40.576
20-06-2024 00:00;39.686
21-06-2024 00:00;39
22-06-2024 00:00;39.7
23-06-2024 00:00;39.205
24-06-2024 00:00;38.874
25-06-2024 00:00;36.817
26-06-2024 00:00;36.158
27-06-2024 00:00;34.835
28-06-2024 00:00;34.329
29-06-2024 00:00;33.267
30-06-2024 00:00;32.958
01-07-2024 00:00;32.473
02-07-2024 00:00;32.214
03-07-2024 00:00;32.757
04-07-2024 00:00;32.737
05-07-2024 00:00;34.579
06-07-2024 00:00;34.708
07-07-2024 00:00;35.748
08-07-2024 00:00;34.718
09-07-2024 00:00;36.136
10-07-2024 00:00;33.808
11-07-2024 00:00;34.931
12-07-2024 00:00;33.467
13-07-2024 00:00;32.203
14-07-2024 00:00;31.828
15-07-2024 00:00;31.078
16-07-2024 00:00;33.313
17-07-2024 00:00;31.364
18-07-2024 00:00;31.56
19-07-2024 00:00;31.734
20-07-2024 00:00;31.685
21-07-2024 00:00;30.134
22-07-2024 00:00;29.808
23-07-2024 00:00;27.824
24-07-2024 00:00;26.503
25-07-2024 00:00;25.727
26-07-2024 00:00;25.045
27-07-2024 00:00;23.309
28-07-2024 00:00;23.43
29-07-2024 00:00;22.936
30-07-2024 00:00;24.307
31-07-2024 00:00;25.44
01-08-2024 00:00;25.024
02-08-2024 00:00;27.259
03-08-2024 00:00;27.93
04-08-2024 00:00;28.969
05-08-2024 00:00;29.852
06-08-2024 00:00;29.634
07-08-2024 00:00;30.198
08-08-2024 00:00;30.321
09-08-2024 00:00;29.182
10-08-2024 00:00;29.568
11-08-2024 00:00;28.797
12-08-2024 00:00;29.208
13-08-2024 00:00;29.908
14-08-2024 00:00;29.683
15-08-2024 00:00;30.082
16-08-2024 00:00;30.123
17-08-2024 00:00;30.634
18-08-2024 00:00;29.705
19-08-2024 00:00;29.307
20-08-2024 00:00;27.793
21-08-2024 00:00;27.604
22-08-2024 00:00;27.247
23-08-2024 00:00;26.333
24-08-2024 00:00;25.112
25-08-2024 00:00;26.129
26-08-2024 00:00;26.369
27-08-2024 00:00;26.994
28-08-2024 00:00;27.703
29-08-2024 00:00;30.123
30-08-2024 00:00;31.12
31-08-2024 00:00;33.058